id,firstname,lastname,logdate,logtime
1,Dunstan,McCullock,2022-07-17,18:55:00
2,Charmine,Kent,2022-06-05,15:52:08
3,Shara,Dupre,2022-12-23,00:45:43
4,Gilbert,MacGahy,2022-05-09,02:09:47
5,Jerry,Donizeau,2022-09-16,07:28:54
6,Buddy,Emps,2022-07-27,10:03:43
7,Hagen,Summers,2022-04-02,01:27:09
8,Dietrich,Ewols,2022-06-30,13:05:03
9,Tonia,Barock,2022-08-04,19:40:46
10,Olia,Renfield,2022-05-19,14:36:59
11,Eberto,Lembrick,2022-08-24,06:50:34
12,Flinn,Probart,2022-07-11,12:46:09
13,Kerk,Blaxlande,2023-01-31,02:50:21
14,Lucille,Cawsey,2022-04-08,00:42:13
15,Rey,Britnell,2022-11-13,18:45:48
16,Abbye,Lemmers,2022-07-27,17:39:41
17,Rose,Skyrme,2022-03-02,14:46:03
18,Constancia,O'Dempsey,2023-01-03,10:45:05
19,Shell,Davage,2023-01-24,08:19:41
20,Ayn,Toffanelli,2022-09-18,15:35:13
21,Joya,Hawkett,2022-04-30,20:47:32
22,Andreas,Reye,2022-07-15,07:00:32
23,Dot,Hutchason,2022-04-26,17:35:12
24,Lorain,Stiger,2022-10-07,18:35:40
25,Shay,Keyden,2023-01-23,06:34:25
26,Chrysa,Huntingford,2022-10-22,06:44:52
27,Orton,Bellhouse,2022-12-25,20:25:36
28,Abrahan,Barti,2022-07-18,21:02:07
29,Amelia,Penwright,2022-10-25,08:13:46
30,Noell,Woodbridge,2023-01-09,12:30:21
31,Riane,Yetman,2022-03-01,03:25:20
32,Elfrida,Leddie,2022-09-13,05:09:24
33,Liva,Pickering,2022-12-31,19:12:41
34,Yank,Espina,2022-07-19,20:45:18
35,Guillemette,Tutt,2023-03-02,09:04:18
36,Rustin,Birkinshaw,2023-02-01,06:32:43
37,Hector,Revie,2022-06-23,09:13:37
38,Yul,Edland,2023-02-20,17:08:06
39,Marissa,Rossant,2022-07-27,22:21:24
40,Dud,Durrant,2022-03-29,13:38:13
41,Catie,Posnette,2023-01-22,14:35:24
42,Deanna,Mogie,2022-11-29,15:55:15
43,Sandor,Stollmeier,2023-01-06,11:12:16
44,Trudy,Alcalde,2022-10-27,02:13:37
45,Hilary,Lacaze,2022-09-11,22:28:17
46,Sylvan,Lewin,2022-09-29,21:40:29
47,Erina,Orsay,2022-11-27,18:27:58
48,Silvain,Semper,2022-11-06,06:51:01
49,Elwood,Eat,2023-02-24,00:31:00
50,Alexandra,Cuerdale,2022-06-19,18:53:55
51,Joelynn,Haggarty,2023-02-21,13:27:56
52,Clay,Algy,2022-08-22,06:58:35
53,Jillana,Feye,2022-05-16,06:23:24
54,Morly,Minger,2022-12-24,18:25:23
55,Pavlov,Janning,2022-07-16,21:48:10
56,Ivy,Kenafaque,2022-11-08,07:03:05
57,Devondra,Gocher,2023-01-29,05:45:48
58,Renaldo,Kellogg,2023-03-07,23:01:57
59,Sherwynd,Thieme,2023-03-20,22:49:38
60,Boony,Aldhouse,2022-11-21,11:46:03
61,Geoffrey,Yakhin,2022-07-14,09:55:57
62,Timothee,Grigorkin,2023-01-09,17:11:20
63,Bruis,Matherson,2022-11-08,11:28:24
64,Ericha,Luebbert,2022-07-06,19:35:21
65,Zelig,Langford,2022-08-30,08:25:06
66,Rubina,Fiveash,2022-09-27,08:15:00
67,Arni,Jouen,2022-03-30,21:49:20
68,Emmet,Le Prevost,2023-03-02,23:38:10
69,Caryl,Gradon,2023-01-01,07:14:09
70,Helyn,Shankland,2023-02-12,05:50:06
71,Der,Banaszczyk,2023-01-09,12:14:31
72,Vivien,Ingram,2022-12-08,06:35:39
73,Jacobo,Eouzan,2023-03-04,10:54:02
74,Carly,Cardis,2022-04-24,19:44:59
75,Cesar,Jamme,2022-07-31,09:45:18
76,Paule,Roselli,2022-11-29,03:40:36
77,Rianon,Stearne,2022-04-05,14:09:14
78,Noby,Malia,2023-02-26,12:49:26
79,Earle,Feldberg,2022-09-18,10:00:43
80,Margarette,Wrighton,2022-05-28,13:27:25
81,Shannen,Karleman,2022-12-21,20:01:50
82,Valli,Pudge,2022-11-09,06:03:55
83,Emlyn,Ellwood,2022-05-05,02:33:11
84,Nanni,Papez,2022-10-02,00:02:26
85,Eolande,Greep,2023-02-28,01:53:17
86,Brinna,Bruckent,2022-08-16,12:30:34
87,Pattie,Nutten,2022-04-23,17:20:32
88,Willa,Byrnes,2022-07-10,21:06:29
89,Livvyy,Oldrey,2023-03-12,18:28:44
90,Starla,Pallatina,2022-09-15,19:18:20
91,Alonzo,Genever,2023-01-08,12:39:50
92,Ancell,Follan,2022-09-27,03:50:30
93,Karel,Povall,2022-05-21,18:29:20
94,Rodolphe,Powner,2022-09-17,23:19:37
95,Vina,Whopples,2023-02-02,04:49:59
96,Terencio,Lamonby,2022-09-30,12:20:53
97,Frederico,Ceillier,2022-08-07,20:57:49
98,Chryste,O'Cassidy,2022-12-31,19:37:11
99,Conan,Cooling,2022-04-18,17:17:39
100,Loni,Trahear,2022-07-04,14:09:35
101,Mureil,Garred,2022-03-13,11:28:28
102,Margie,Escoffrey,2023-01-14,22:08:37
103,Marwin,Gini,2022-08-15,02:41:11
104,Humfrey,Pentony,2022-03-13,00:21:12
105,Tallie,Shapland,2022-11-02,16:54:59
106,Tybalt,Afield,2023-03-07,08:21:10
107,Barnard,Esp,2022-09-27,06:18:14
108,Constantino,Langman,2023-01-09,04:47:26
109,Aretha,Norwich,2022-09-28,05:23:16
110,Dore,Grange,2022-05-10,08:30:07
111,Aura,Cassimer,2022-08-06,03:13:34
112,Peri,Phelit,2023-03-10,00:05:48
113,Amalita,Agate,2023-02-09,16:35:30
114,Christean,Keatley,2022-07-09,22:28:40
115,Risa,Bensen,2022-12-17,09:38:50
116,Kendell,O'Scannill,2023-02-18,04:17:00
117,Laural,Eller,2022-09-04,23:29:53
118,Joanne,Hearnden,2022-06-30,07:49:22
119,Myrvyn,Mundle,2022-03-01,07:44:19
120,Shayne,Strattan,2023-01-23,22:37:54
121,Jacquie,Wardroper,2022-10-14,12:38:55
122,Adolph,McKune,2022-10-06,01:11:06
123,Grissel,Hunnaball,2023-01-07,07:10:18
124,Edie,Melland,2023-03-20,12:16:58
125,Kippar,Tolchar,2022-06-19,11:39:06
126,Kitti,Annand,2022-03-28,14:14:40
127,Chase,Kinge,2023-02-08,01:48:51
128,Philippe,Agostini,2023-03-13,13:26:42
129,Paquito,Krolak,2022-04-28,10:41:42
130,Therine,Foyle,2023-01-19,20:49:05
131,Pryce,Fackney,2022-11-02,16:07:44
132,Lettie,Giovannilli,2022-12-01,18:32:41
133,Any,Adds,2023-01-02,15:08:28
134,Babbette,Gallaccio,2022-07-19,07:00:44
135,Vina,Lumby,2022-09-18,23:34:54
136,Mildrid,Rowett,2022-11-26,07:42:55
137,Shawnee,Prothero,2022-11-24,10:32:40
138,Aeriel,Seeks,2022-07-14,07:31:20
139,Ira,Combe,2023-03-21,20:31:27
140,Gennie,Coston,2022-05-21,09:04:09
141,Walliw,Stubbeley,2022-11-14,18:08:37
142,Terri,Govinlock,2022-07-30,22:42:55
143,Martino,Mullan,2022-05-13,01:22:48
144,Kylie,Parsand,2022-11-25,09:45:15
145,Ermina,Caldwall,2022-03-02,09:46:53
146,Shermie,Drayson,2022-03-06,19:50:48
147,Shelby,MacGuigan,2022-07-12,19:11:38
148,Linn,Catton,2023-02-02,06:12:12
149,Braden,Poxson,2022-07-28,18:26:37
150,Fidela,Dorro,2022-12-11,22:22:41
151,Candide,Lecointe,2022-05-27,03:24:51
152,Boniface,Priestley,2022-09-06,10:18:44
153,Alvan,Snuggs,2023-01-10,22:59:45
154,Claudina,Lutwyche,2022-06-08,09:19:28
155,Jacquenetta,Decourt,2022-09-22,21:42:47
156,Lenee,McCandless,2022-07-09,03:34:25
157,Marlowe,Climance,2022-10-26,20:29:06
158,Cyndy,Bone,2022-04-23,10:53:32
159,Corrina,Dilger,2022-09-29,04:15:33
160,Adolph,Carillo,2022-09-21,03:48:06
161,Tatum,Jasik,2022-09-14,01:03:30
162,Pietro,Nobles,2022-06-18,22:42:59
163,Isa,Mc Gaughey,2022-11-13,17:35:49
164,Gipsy,Swayne,2022-12-04,04:01:35
165,Lesley,De La Salle,2023-03-06,23:34:47
166,Simone,Grelak,2022-09-26,06:54:54
167,Hillel,Fronek,2023-01-06,23:23:44
168,Jeannette,Galiford,2022-09-04,18:50:42
169,Ricca,Burchett,2022-04-19,11:41:37
170,Boothe,Eddis,2022-07-20,14:05:13
171,Mariya,Reiglar,2022-09-09,06:19:05
172,Ingmar,Miguet,2023-02-18,00:09:00
173,Heinrik,Gaunt,2022-11-22,12:58:16
174,Reinaldo,Timbridge,2023-01-13,06:13:26
175,Paule,Sammons,2022-12-26,11:24:41
176,Elroy,MacFarlane,2022-11-17,12:19:58
177,Grier,Grundell,2022-03-01,19:19:48
178,Greer,Huzzay,2022-07-04,03:05:15
179,Rutledge,Dumberrill,2022-08-01,13:06:30
180,Junie,Lenton,2022-07-14,04:00:19
181,Krystyna,Stacy,2022-05-20,08:55:12
182,Aldus,Okeshott,2022-08-11,23:46:20
183,Byran,Jermy,2022-11-16,04:08:28
184,Dennie,Quincey,2023-03-06,17:34:30
185,Kiah,Lorden,2022-10-14,06:01:17
186,Karlis,Krzyzanowski,2022-04-12,00:52:34
187,Darrick,Wennam,2022-12-11,17:46:42
188,Tonnie,Woollam,2023-01-14,02:50:02
189,Renate,Breckell,2022-12-03,19:45:23
190,Hi,Colebourne,2022-06-27,22:34:41
191,Kally,Tuohy,2022-09-03,22:52:34
192,Giffy,Cozby,2023-01-15,01:17:06
193,Nolly,Reinhart,2022-03-27,11:44:45
194,Shanna,Golborn,2022-03-26,11:40:07
195,Brigit,Scrane,2022-08-04,08:12:43
196,Debbi,Hicklingbottom,2023-03-11,23:55:55
197,Jeramie,Galtone,2022-11-11,00:03:22
198,Caren,Keightley,2022-06-28,15:35:45
199,Elita,Hamblyn,2022-04-11,00:42:04
200,Marcia,Quaintance,2022-08-15,17:06:43
201,Ellswerth,Houlaghan,2023-02-25,11:57:01
202,Mordecai,O'Sheilds,2022-11-12,07:31:24
203,Shell,Selvester,2022-06-09,21:22:40
204,Estele,Esome,2022-05-17,06:54:47
205,Luce,Prise,2022-10-26,12:11:57
206,Hunfredo,Ambroz,2022-11-14,09:36:24
207,Yance,Joist,2023-02-19,15:55:09
208,Vail,Bricket,2022-07-01,00:04:23
209,Caspar,Wyard,2022-11-20,18:58:54
210,Barbette,Claire,2022-10-16,23:46:17
211,Jolie,O'Duilleain,2023-02-01,12:33:12
212,Gusella,Hallut,2022-05-04,00:17:44
213,Lorita,Brim,2022-10-23,17:01:57
214,Buffy,Frazier,2022-11-10,09:36:58
215,Shelia,Bahls,2022-03-11,00:23:09
216,Selia,Hedgeley,2022-03-14,06:29:28
217,Melodie,Altree,2022-10-09,23:00:26
218,Tucky,Rimour,2022-08-11,23:48:46
219,Bowie,Foyster,2023-03-10,10:57:09
220,Danette,Bundey,2022-12-05,23:00:43
221,Adah,Leap,2023-01-21,19:55:32
222,Kamila,Cuskery,2022-04-07,22:06:14
223,Roby,Guitton,2022-06-16,12:54:19
224,Guenevere,Criag,2022-06-27,05:59:48
225,Olivie,Garman,2022-11-27,23:05:07
226,Isabeau,de Almeida,2022-03-03,04:56:16
227,Corine,Shorey,2022-11-04,01:02:18
228,Jacquelynn,Fold,2022-04-05,10:28:47
229,Rhody,Rothschild,2022-09-13,03:01:29
230,Dara,Engall,2022-06-24,09:35:00
231,Taffy,Lafrentz,2022-09-21,03:02:31
232,Ly,Siaskowski,2023-01-12,17:02:08
233,Malory,Took,2022-06-03,15:11:29
234,Alidia,Queen,2022-05-23,05:24:46
235,Catie,McEnery,2023-02-03,10:08:05
236,Ivy,Roman,2022-03-25,10:49:40
237,Cally,Penny,2022-08-22,11:18:45
238,Dorolice,Hattrick,2022-10-06,04:53:35
239,Julianne,Flanagan,2023-01-03,20:06:56
240,Joleen,Luckie,2022-10-26,03:52:14
241,Teresita,Margach,2022-06-09,02:10:25
242,Raychel,Kwiek,2022-07-21,14:05:48
243,Courtnay,Barfield,2022-10-08,11:46:50
244,Koralle,Middleditch,2022-04-12,06:13:25
245,Ardenia,Madders,2023-01-19,01:45:57
246,Merna,Rodolfi,2022-07-30,00:53:01
247,Orville,Sperling,2022-12-29,01:58:14
248,Ronnie,Edworthie,2023-01-17,10:27:11
249,Horatia,Cobley,2023-02-17,11:31:08
250,Farley,Shenfisch,2022-11-13,21:19:52
251,Abbye,Flint,2022-03-25,12:54:25
252,Estell,Yeates,2023-03-18,11:18:29
253,Maighdiln,Blackaller,2022-12-04,10:11:56
254,Anna-diana,Trevena,2022-10-31,07:02:52
255,Garnet,Croix,2022-11-24,21:16:11
256,Clevey,McDonough,2023-01-15,21:10:40
257,Ferdie,Menzies,2022-06-26,17:52:34
258,Addie,Giacopetti,2022-10-30,07:04:23
259,Faustine,Insall,2023-01-27,02:33:38
260,Araldo,Standen,2022-06-26,13:01:39
261,Kleon,Iacovucci,2022-07-08,16:05:36
262,Dur,Yokel,2022-12-05,00:55:05
263,Ben,Northleigh,2023-03-01,07:40:15
264,Gena,Dalgety,2022-10-07,07:47:19
265,Samuel,Spofforth,2023-03-04,08:20:37
266,Jefferson,Batcheldor,2023-01-06,20:05:54
267,Sandie,McAusland,2022-04-15,02:48:52
268,Benn,Cliffe,2022-09-09,02:27:06
269,June,Middlehurst,2022-09-16,01:48:37
270,Annemarie,Rowley,2022-06-03,17:10:22
271,Kayley,Angrove,2022-05-16,22:20:50
272,Bryna,Foister,2022-07-26,09:22:21
273,Russ,Pirri,2022-05-12,14:15:08
274,Natka,Mingardi,2022-09-22,11:10:22
275,Barrie,Corden,2022-04-16,06:40:05
276,Luciana,Hoyle,2022-04-03,06:34:37
277,Mimi,Loadwick,2022-11-13,11:18:58
278,Marcus,Olland,2023-03-20,09:24:19
279,Drew,Credland,2023-03-15,03:17:27
280,Zahara,Killich,2022-04-03,17:30:15
281,Ly,Smiley,2022-04-12,13:34:12
282,Zenia,Grewe,2023-01-11,10:04:31
283,Ofella,Twelve,2022-12-01,11:53:20
284,Miller,Davidow,2022-09-04,02:43:54
285,Chaddie,Turban,2023-01-31,17:34:45
286,Bibby,Raoux,2022-04-19,11:55:45
287,Blair,Borrow,2023-01-30,09:44:57
288,Elnar,Reagan,2023-01-22,15:47:29
289,Sully,Presland,2022-12-14,07:34:38
290,Gael,Tubb,2022-07-17,23:37:55
291,Gayler,Flegg,2023-02-22,01:32:51
292,Timothee,Lunge,2022-11-12,01:44:06
293,Netti,Scamaden,2022-12-26,22:50:04
294,Shannon,Chamley,2023-01-05,23:41:15
295,Babs,Hayhoe,2022-09-22,02:40:43
296,Iormina,Janak,2022-10-03,20:25:07
297,Stacia,Scragg,2022-07-08,20:52:50
298,Jessica,Muzzollo,2022-06-19,22:23:44
299,Mayne,Wigginton,2022-12-07,17:11:06
300,Lindi,Garrard,2022-11-05,00:49:22
301,Zachariah,Farnes,2022-11-25,09:47:38
302,Roanna,Clemens,2022-12-19,16:03:25
303,Tommi,Carlile,2022-04-10,22:30:39
304,Arnuad,Mulrooney,2022-03-21,23:23:39
305,Rowen,Carbert,2023-01-14,13:05:21
306,Sylvester,Fishpond,2022-07-01,13:46:16
307,Orlando,Simone,2022-12-01,04:03:30
308,Irvin,Fullick,2022-06-05,22:44:18
309,Kennan,Ollerhad,2022-09-25,00:12:42
310,Tedda,Ilden,2022-11-22,07:08:55
311,Hedda,Northbridge,2022-04-04,20:11:44
312,Garik,Weare,2022-08-07,05:29:46
313,Demetria,Margram,2022-04-15,02:28:27
314,Jeni,Ferrai,2022-10-12,20:56:38
315,Raffaello,Vasilechko,2023-01-30,02:31:07
316,Bellanca,Jiroutka,2022-09-03,06:49:08
317,Corri,Galbraeth,2022-05-14,06:20:26
318,Kareem,Silveston,2022-08-22,06:27:52
319,Den,Scamwell,2023-03-11,21:46:32
320,Trish,Douris,2022-10-26,07:16:14
321,Lexi,Whitehouse,2022-08-19,18:58:08
322,Fae,Job,2023-03-22,21:39:20
323,Livy,Prandoni,2022-03-06,03:50:33
324,Marcellus,Shark,2022-12-29,14:12:46
325,Burlie,Micheau,2022-06-15,07:25:20
326,Mariann,Bafford,2022-12-13,03:02:07
327,Allie,Jedrych,2022-07-29,09:31:39
328,Galvin,Langfield,2022-03-28,10:35:24
329,Waldon,Hurdis,2022-09-19,10:48:03
330,Kristopher,Nelhams,2022-04-01,16:58:37
331,Helyn,Jevon,2022-08-06,17:04:16
332,Tuesday,Simchenko,2022-10-18,23:15:17
333,Annelise,Lamzed,2022-05-14,21:15:06
334,Ivette,McAviy,2022-05-03,02:39:02
335,Clary,Crighton,2022-06-03,12:08:31
336,Arnaldo,Alleyne,2022-09-27,13:17:40
337,Sonja,Braksper,2022-05-17,00:27:42
338,Susann,Schroeder,2022-11-13,21:50:29
339,Lelah,Eccleston,2022-04-02,14:12:45
340,Rina,Wildbore,2022-05-05,14:49:32
341,Miguela,Felce,2023-01-29,07:34:48
342,Linnet,Hacaud,2022-04-27,15:59:19
343,Raff,Heminsley,2023-02-08,09:25:52
344,Junie,Duiged,2022-07-04,01:34:22
345,Kristel,Pedwell,2022-08-20,14:06:45
346,Dukie,Colisbe,2022-08-24,21:32:32
347,Ravid,Lubman,2022-11-04,07:46:44
348,Thea,Hastie,2022-10-11,08:50:15
349,Maynord,Curuclis,2022-05-17,11:49:45
350,Raimundo,Pesselt,2022-11-28,13:34:08
351,Germain,Delacour,2022-06-07,11:05:16
352,Isahella,Hardisty,2022-08-02,16:55:53
353,Nicoline,Metson,2022-11-13,22:25:44
354,Luce,Sirrell,2022-04-07,18:44:11
355,Wini,Twinberrow,2023-01-24,13:32:50
356,Heriberto,Danev,2023-01-12,22:09:16
357,Bella,Banane,2022-09-16,23:45:51
358,Angele,Mirfield,2023-03-08,19:19:38
359,Sidney,Vaszoly,2023-02-09,17:32:40
360,Ekaterina,Suermeier,2022-10-24,22:08:48
361,Lucita,Baughen,2022-08-11,15:00:26
362,Sven,Ogbourne,2023-03-08,07:31:46
363,Opalina,D'Adda,2022-03-22,20:40:50
364,Ferdinanda,Beebis,2022-09-12,07:52:47
365,Lettie,Roft,2023-02-21,17:56:01
366,Davine,Faughnan,2022-06-18,03:14:32
367,Collette,Baude,2023-01-07,00:07:33
368,Vlad,Pristnor,2022-12-15,16:35:48
369,Fancie,Cromly,2022-10-04,13:41:18
370,Gian,Scullard,2023-03-19,12:16:51
371,Gustav,Gammon,2022-09-24,23:50:32
372,Cornie,Chaney,2022-12-19,01:33:05
373,Leda,Rumbelow,2022-08-22,06:10:25
374,Kenny,Bispham,2022-08-18,18:25:48
375,Mureil,Skullet,2022-10-08,04:15:16
376,Corabelle,Boon,2022-07-16,23:50:38
377,Sander,Growcock,2022-11-28,08:14:35
378,Lianna,Deam,2022-11-20,06:54:12
379,Farley,MacMeeking,2022-04-29,09:16:46
380,Jaquenetta,Tesmond,2022-06-15,12:29:17
381,Sharleen,Finan,2023-01-22,13:11:48
382,Dolph,Oldnall,2023-03-04,13:20:10
383,Norbie,Van Der Straaten,2022-04-17,01:16:06
384,Dmitri,Dudson,2022-07-04,10:26:50
385,Donelle,Mayhew,2022-10-04,06:24:22
386,Fritz,Cow,2022-09-16,09:36:56
387,Bren,Duerden,2022-12-31,16:04:27
388,Dory,McAnalley,2022-09-24,20:49:08
389,Kimbell,Strathern,2022-12-03,20:09:23
390,Benedicto,Eringey,2022-12-07,22:56:38
391,Sonia,Frede,2022-09-22,11:11:37
392,Carmella,Arnold,2023-01-26,04:31:22
393,Alister,Traut,2023-03-06,10:35:07
394,Guillermo,Uc,2022-08-09,20:15:16
395,Vonny,Ivanitsa,2022-05-18,21:21:29
396,Rosa,Hegel,2022-12-11,08:11:19
397,Aubine,Hobson,2023-01-24,15:05:38
398,Cullin,Burberow,2022-08-04,11:04:41
399,Nessie,Doorly,2022-07-18,06:33:52
400,Vincent,Ferries,2022-05-26,21:06:04
401,Lindy,Hardwick,2023-01-12,20:30:22
402,Levin,Debrick,2023-03-06,11:19:13
403,Fabio,Narup,2023-02-28,15:26:18
404,Krishna,Hundall,2022-06-24,22:01:21
405,Joye,Kennerknecht,2022-06-11,14:00:51
406,Violette,Stedmond,2022-10-08,07:30:27
407,Christoforo,Postlewhite,2022-11-03,18:56:57
408,Gweneth,Piperley,2022-08-07,23:08:45
409,Ralf,Hamblett,2023-02-01,15:38:30
410,Pauletta,Popescu,2022-05-30,21:46:59
411,Berty,Renon,2022-05-02,19:01:37
412,Alethea,Kelsall,2022-03-18,08:53:59
413,Fletch,Bossingham,2022-08-17,21:33:35
414,Margeaux,Anders,2022-10-10,19:49:11
415,Cosimo,O'Carran,2022-12-02,19:54:33
416,Karlik,Crayton,2022-11-09,07:55:54
417,Eldin,Bray,2022-03-10,22:32:48
418,Edita,Georgescu,2023-03-08,00:55:11
419,Judye,Girdler,2022-12-19,17:11:02
420,Husain,Patrick,2022-04-29,13:17:00
421,Angel,Vuitte,2023-03-03,07:55:56
422,Clint,Calyton,2022-06-06,07:17:36
423,Ahmed,Elderidge,2022-05-30,14:15:24
424,Eli,Lodder,2022-06-27,21:40:34
425,Phineas,Paulisch,2022-12-20,04:50:12
426,Shelley,Ginie,2022-11-18,05:29:16
427,Haven,Burney,2022-08-14,08:40:41
428,Zacharia,Cromley,2022-04-27,16:27:20
429,Bob,Hallick,2022-04-22,17:01:56
430,Horatia,Lewtey,2023-02-09,06:55:22
431,Barris,Danieli,2022-12-09,16:48:04
432,Fairlie,Haruard,2022-10-10,22:26:32
433,Floria,Lunn,2022-12-15,17:44:09
434,Courtnay,Luetkemeyers,2022-03-14,04:06:13
435,Paulie,Poker,2023-01-11,02:12:44
436,Mill,Panting,2023-01-23,05:38:40
437,Nettle,Edgeler,2022-08-05,14:33:58
438,Suki,Postians,2023-03-14,22:59:58
439,Mariel,Issacov,2022-10-12,16:13:15
440,Carlynn,Holworth,2022-05-07,11:46:14
441,Nelson,Cowsby,2022-11-29,20:30:37
442,Temp,Witherden,2022-11-07,09:43:39
443,Erena,Livard,2022-09-12,17:11:57
444,Celene,Chavez,2023-03-18,09:32:17
445,Matthaeus,Kensit,2022-04-11,21:28:59
446,Cyndy,Pryor,2022-05-08,06:48:33
447,Zed,Biesterfeld,2022-06-24,08:04:19
448,Alison,Smaridge,2023-02-28,21:46:10
449,Lanni,Fussen,2022-05-07,14:43:29
450,Chloris,Stennings,2022-10-02,10:16:24
451,Chester,Cubuzzi,2022-06-18,20:55:58
452,Justinian,Torfin,2023-02-04,00:09:24
453,Tracee,Senescall,2022-04-30,11:17:31
454,Allen,Dobbs,2022-11-17,02:46:53
455,Gertie,Kenwrick,2022-12-28,01:01:43
456,Emory,Kleint,2023-02-08,05:08:42
457,Arleen,Knowlden,2022-12-25,01:59:18
458,Base,Yuryev,2022-12-24,04:58:16
459,Alfredo,Pidgen,2023-01-16,10:58:45
460,Louella,Roughey,2022-05-17,05:10:47
461,Giselle,Bohan,2022-04-20,02:09:50
462,Thomasin,Morrice,2022-10-08,09:11:08
463,Saraann,Adney,2022-10-29,13:52:09
464,Sidoney,Lyst,2022-07-25,11:34:30
465,Augusto,Sprowles,2022-07-14,00:07:34
466,Forbes,Bowart,2022-04-22,04:24:44
467,Reeba,Polendine,2022-07-24,01:41:40
468,Ber,Lagde,2022-11-13,14:39:29
469,Tara,Christescu,2023-03-15,21:42:14
470,Davida,Harler,2022-03-20,10:48:46
471,Lyndel,De la Yglesia,2022-10-30,21:31:36
472,Malynda,Winchurst,2022-11-30,02:33:31
473,Kayley,McCosh,2023-03-14,15:59:28
474,Arlena,Pacht,2023-03-16,05:26:58
475,Jody,Farey,2022-07-09,04:36:20
476,Rabbi,Brookton,2022-11-10,01:21:09
477,Harv,Boodell,2023-03-22,08:52:20
478,Orton,Sporle,2022-06-10,16:15:44
479,Kathye,Menary,2022-04-16,02:46:01
480,Welby,Lesor,2022-10-18,12:12:51
481,Hillard,Swapp,2022-08-02,19:42:38
482,Wildon,Lumsdon,2022-07-26,18:45:02
483,Ario,Statersfield,2022-12-24,04:59:39
484,Robena,Brouncker,2022-04-10,21:21:20
485,Germayne,Tape,2022-07-10,14:16:13
486,Robina,Corballis,2022-11-05,14:36:33
487,Godiva,Ferras,2023-01-25,20:07:59
488,Simmonds,Wassung,2023-03-19,19:58:55
489,Revkah,Abbatini,2022-11-05,02:44:13
490,Leonora,McKirton,2022-06-07,23:04:18
491,Jaimie,Pickerin,2022-08-18,16:10:25
492,Niels,Stable,2022-05-07,00:01:44
493,Burr,Tottie,2022-06-28,02:26:29
494,Fawnia,Cornewell,2023-01-09,16:35:32
495,Fayre,Shepcutt,2022-08-12,11:23:04
496,Sula,Pietzke,2022-12-18,13:18:36
497,Pinchas,Greedy,2022-09-23,18:36:19
498,Alexi,Babbidge,2022-04-30,00:29:42
499,Ross,Merigot,2022-06-24,17:06:16
500,Gamaliel,Patry,2022-06-27,01:52:18
501,Brett,Brickell,2022-04-22,16:41:05
502,Claudianus,Gillyatt,2022-10-09,06:36:45
503,Dorotea,Godfray,2022-11-01,09:19:18
504,Graeme,Fleming,2022-07-09,22:06:51
505,Alana,Kelsell,2022-04-07,11:35:21
506,Connor,Gonzales,2022-09-05,09:45:33
507,Clemmie,Gitting,2023-02-02,03:27:09
508,Marleen,Pidler,2023-01-20,14:29:47
509,Dory,Gibard,2023-03-15,14:28:20
510,Cozmo,McMurdo,2022-09-04,08:27:36
511,Emmery,Allin,2022-12-14,15:36:10
512,Fred,Haszard,2022-03-21,23:04:28
513,Ryley,Matthaus,2022-03-07,19:58:05
514,Valera,Farloe,2022-05-06,04:17:47
515,Myrtie,Jillins,2022-09-25,22:48:25
516,Barrett,Duffield,2023-01-02,13:48:27
517,Panchito,Fairhall,2023-03-06,02:42:31
518,Charity,Meharry,2023-02-19,04:38:39
519,Packston,De la Harpe,2023-01-25,00:21:39
520,Laney,Bruckman,2022-10-21,05:21:19
521,Prent,Garfoot,2022-12-27,09:02:00
522,Ermanno,Rubinfeld,2022-08-23,15:50:03
523,Iggy,Allone,2022-10-30,10:12:11
524,Libbi,Grigoliis,2022-05-24,04:32:44
525,Dotty,Adlington,2022-08-04,11:15:08
526,Alidia,Lissaman,2022-07-13,09:15:15
527,Hedwig,Eckly,2022-12-24,23:00:28
528,Darill,Reinhardt,2022-12-11,14:22:49
529,Leonerd,Cullinan,2023-01-03,10:00:06
530,Marco,O'Fallone,2023-01-11,08:00:34
531,Miguela,Sieb,2022-10-31,01:38:21
532,Sandi,Haney`,2022-10-01,22:00:26
533,Pietro,Alu,2023-01-09,09:54:15
534,Hogan,Barton,2022-04-04,21:55:52
535,Buddy,Hellicar,2022-09-15,04:21:06
536,Rory,Elsbury,2022-11-13,21:39:44
537,Aimee,Cowing,2023-01-07,23:01:01
538,Emma,Barcroft,2022-09-22,03:57:14
539,Rosita,Jills,2023-02-12,09:02:56
540,Morgan,Ayers,2022-12-26,20:53:39
541,Farley,Manuel,2022-03-05,11:43:28
542,Katinka,Crinidge,2022-08-19,06:30:10
543,Frederica,Rouzet,2023-02-21,09:31:32
544,Harwell,Szymczyk,2022-10-25,18:40:59
545,Freddie,Pacey,2022-11-23,11:23:39
546,Dav,Dulen,2022-12-15,17:49:03
547,Fabe,Oslar,2022-05-03,17:23:15
548,Walliw,Bainbrigge,2022-03-10,05:56:13
549,Trixie,Ackeroyd,2022-03-02,15:38:31
550,Grantley,Moyers,2022-09-03,00:29:38
551,Law,Laidel,2022-06-30,02:38:21
552,Roseanne,Lotterington,2022-12-03,10:23:46
553,Elia,Illidge,2022-08-12,03:39:55
554,Crystie,Santo,2023-02-07,16:05:16
555,Stinky,Kilty,2023-02-27,14:39:17
556,Therese,Coyle,2022-04-28,13:10:31
557,Loutitia,Trengrove,2022-10-08,21:15:02
558,Maximilien,Baistow,2022-08-21,11:01:25
559,Bay,Lohden,2022-10-29,16:56:03
560,Rouvin,Fries,2022-03-05,06:26:00
561,Grier,Krop,2022-10-25,05:23:09
562,Torrence,Duckers,2023-03-22,23:14:14
563,Fayre,Glazier,2022-10-16,09:21:13
564,Jeffie,Caldecutt,2022-08-28,16:22:02
565,Osborn,Grindley,2022-11-02,09:14:59
566,Hilario,Matzel,2022-04-18,17:16:25
567,Marrissa,Notton,2023-03-11,17:09:51
568,Jermayne,Kilmurry,2022-07-22,18:21:49
569,Zebulen,Snashall,2022-06-12,04:09:03
570,Onida,Allmann,2022-04-27,23:22:54
571,Elbertina,Bier,2022-08-31,14:14:13
572,Kassia,Pietri,2022-10-01,21:23:13
573,Hedwiga,Mutton,2022-08-25,03:47:20
574,Christine,Farrington,2023-02-19,06:21:40
575,Lettie,Greenhalf,2023-01-04,00:46:14
576,Trixy,Lathleiff,2023-03-18,05:18:47
577,Hershel,Tennet,2022-11-22,09:37:18
578,Della,Rudwell,2022-03-05,12:16:32
579,Anderea,Piscopiello,2023-03-09,20:59:35
580,Em,Mottley,2022-09-25,18:38:58
581,Gavan,Abelovitz,2022-10-04,19:15:14
582,Dehlia,Kaplin,2022-06-22,05:59:03
583,Rawley,Tummasutti,2022-06-19,11:55:17
584,Maurita,Ladyman,2022-11-19,03:58:45
585,Brewer,Ramme,2022-06-30,16:33:50
586,Goran,Waight,2022-06-06,16:05:23
587,Burke,Daughtrey,2023-02-12,23:32:20
588,Celestina,Searchwell,2022-05-01,08:21:33
589,Hodge,Toun,2022-05-31,22:02:22
590,Shaine,Pirozzi,2022-12-27,10:01:30
591,Nona,Tulloch,2022-06-08,14:32:59
592,Gerald,Inchcomb,2022-12-22,06:04:57
593,Rolando,Hendrich,2023-01-09,07:44:22
594,Abbie,Manley,2023-02-10,18:21:51
595,Malchy,Rogez,2023-01-12,20:44:15
596,Wilhelm,Bowle,2022-06-07,18:46:17
597,Chalmers,Lohan,2023-02-11,04:45:25
598,Marissa,McGaugan,2023-02-05,16:59:12
599,Leonelle,Yakuntsov,2022-09-07,04:20:46
600,Hedy,Hanigan,2022-07-20,13:10:33
601,Fina,Hellewell,2022-12-03,06:25:56
602,Giralda,Rayment,2022-12-18,00:29:33
603,Townie,Ilyinykh,2022-10-24,04:05:27
604,Emmery,Mountney,2023-03-12,00:42:02
605,Murry,Downage,2022-12-31,10:03:53
606,Gus,Ransbury,2023-03-19,11:38:04
607,Kristine,Kynett,2023-02-11,16:27:02
608,Vale,Arnke,2023-03-06,04:06:30
609,Justus,Hodjetts,2022-04-30,04:45:15
610,Bobby,Catherick,2023-02-13,14:41:58
611,Cherye,Knightsbridge,2022-06-10,11:31:47
612,Baillie,Rosenzwig,2022-07-10,23:57:03
613,Chryste,Keelinge,2022-10-04,08:41:41
614,Martha,D'Oyly,2022-03-31,11:27:05
615,Morena,Capehorn,2022-10-09,02:23:36
616,Aviva,Morfett,2022-12-06,07:33:06
617,Harry,Bollini,2022-06-25,03:53:08
618,Justis,Bauld,2023-01-08,11:41:09
619,Marvin,Laxon,2022-05-02,19:53:16
620,Silvan,Callcott,2022-10-15,11:57:04
621,Yardley,Hruska,2022-06-19,12:35:23
622,Gareth,Machan,2023-03-18,08:59:23
623,Noel,Groger,2022-04-18,12:34:44
624,Cherise,Kendred,2022-05-03,15:39:18
625,Roger,Golden of Ireland,2022-11-12,21:49:38
626,Amelita,Montacute,2022-12-31,17:47:06
627,Gil,Pretious,2022-08-16,04:16:32
628,Kevin,Hendrikse,2023-03-04,04:35:38
629,Rici,Huntly,2022-05-09,00:00:35
630,Alon,Channer,2022-07-06,10:01:14
631,Price,Wrathall,2023-03-16,21:34:06
632,Otha,Richten,2022-06-05,17:46:56
633,Joey,Crouse,2023-02-26,12:05:26
634,Rubia,Purdom,2022-07-28,14:17:31
635,Leonhard,Chopy,2022-09-23,21:14:05
636,Ashly,Eglaise,2023-01-08,01:14:15
637,Alaric,Clipston,2022-05-24,17:53:03
638,Vere,Palleske,2022-03-26,23:39:25
639,Rianon,Robson,2023-01-18,22:27:12
640,Angelo,Pedwell,2022-11-08,13:25:00
641,Sandie,Hrinchishin,2022-09-28,10:30:17
642,Imelda,Dows,2022-08-29,02:03:37
643,Zarah,Burwood,2022-05-02,10:13:41
644,Iorgos,McLeese,2022-10-29,10:28:32
645,Kimberly,Snadden,2022-12-09,17:52:56
646,Bran,Hardson,2022-05-14,13:34:39
647,Willy,Slee,2022-05-08,05:57:14
648,Lars,Cary,2022-06-20,19:33:20
649,Mart,Sextone,2022-03-02,10:15:44
650,Tabbatha,Rollo,2022-06-23,03:21:35
651,Maddy,Tomasz,2022-08-10,18:24:09
652,Darline,Oneil,2022-12-29,06:27:45
653,Yolande,Serrell,2022-03-03,22:48:23
654,Cleopatra,Whitehurst,2023-01-12,18:49:08
655,Arri,Kear,2022-11-22,05:02:33
656,Bernhard,Stoggles,2022-09-30,00:01:51
657,Harv,Twitty,2022-12-10,00:14:06
658,Faydra,Farrall,2023-01-22,10:17:26
659,Marga,Prinett,2022-07-22,23:29:57
660,Elihu,Heersema,2022-06-23,13:24:23
661,Ned,Seyers,2023-02-19,02:24:26
662,Jorge,Wilse,2022-07-12,21:46:05
663,Regina,Neasham,2022-07-13,05:44:36
664,Alain,Barson,2022-07-01,03:17:01
665,Nigel,Tolson,2023-02-18,12:12:51
666,Thane,Purselowe,2022-10-22,23:55:00
667,Evelina,Pococke,2022-06-15,11:37:02
668,Fair,de Broke,2022-03-13,03:25:32
669,Lanie,Marxsen,2022-03-14,11:55:25
670,Ferd,Simak,2022-05-12,23:14:00
671,Cris,Erwin,2023-02-22,08:23:58
672,Jeri,Lawrence,2023-01-12,11:27:59
673,Sonny,Twaite,2022-06-12,00:25:46
674,Rudyard,Wescott,2022-09-28,13:09:52
675,Hedwig,Evreux,2022-07-23,00:04:15
676,Trace,Forsdike,2023-02-20,09:16:55
677,Madeline,Baalham,2022-09-08,00:06:58
678,Charmane,Gadman,2022-06-07,02:38:02
679,Zondra,Yeulet,2022-09-23,11:49:29
680,Stefan,Bulbrook,2022-04-20,02:36:02
681,Rosabelle,ffrench Beytagh,2022-06-10,04:48:06
682,Sandye,Freebury,2022-05-17,07:28:24
683,Fern,Duckit,2022-11-17,03:05:29
684,Grata,Bibbie,2022-10-01,06:01:52
685,Daniela,Allix,2022-10-13,11:18:51
686,Abe,Bazoge,2022-04-15,03:44:05
687,Hayley,Braunston,2022-07-23,13:15:47
688,Sid,Tyrone,2022-10-25,23:36:15
689,Brier,Jordine,2022-03-11,15:14:21
690,Brooke,Honisch,2022-11-05,07:57:40
691,Bibbie,Miere,2022-08-24,09:04:57
692,Veronica,Lavall,2022-10-17,16:52:53
693,Tamma,O' Shea,2023-01-15,00:45:43
694,Annette,Bienvenu,2023-03-13,20:03:25
695,Paten,Mion,2022-11-18,06:30:06
696,Etty,Evangelinos,2022-04-01,19:05:14
697,Humbert,Crowden,2022-04-14,02:28:18
698,Vanna,Haucke,2022-08-09,16:14:29
699,Roberto,Edeler,2022-09-26,01:32:15
700,Megan,Adey,2022-06-02,02:59:17
701,Delia,Kermode,2023-02-18,03:12:31
702,Maribelle,Oiseau,2022-06-24,19:49:56
703,Cathyleen,Bisgrove,2022-10-08,22:54:56
704,Judd,Simkin,2023-02-15,17:07:25
705,Hazlett,Clowley,2022-05-10,12:14:50
706,Crysta,Pickup,2022-09-16,09:56:24
707,Shirlee,Birtchnell,2022-11-19,20:39:36
708,Brena,Codlin,2022-10-05,08:15:49
709,Glynnis,De Cristofalo,2023-01-29,14:52:50
710,Kori,MacKimmie,2022-03-01,19:36:04
711,Isis,Penhaligon,2022-09-17,00:43:28
712,Roslyn,Janeway,2022-12-27,04:34:52
713,Kendre,Michelle,2022-08-15,02:58:26
714,Neale,Mordey,2022-07-09,09:33:02
715,Happy,Hosby,2022-06-08,17:02:17
716,Cort,Firidolfi,2022-03-13,02:37:52
717,Sam,McClenan,2023-03-15,07:09:09
718,Jessamine,Spurrier,2022-05-19,22:41:15
719,Charleen,Scramage,2022-03-10,13:02:49
720,Joelle,Dunckley,2023-02-23,01:11:50
721,Erasmus,Fossitt,2022-09-18,20:35:54
722,Idalina,Millea,2022-11-24,23:47:28
723,Sholom,Holcroft,2023-01-18,21:36:11
724,Nicola,Beden,2022-09-10,21:27:18
725,Fabe,Mitie,2022-07-28,19:29:22
726,Mitzi,Pitcaithly,2022-09-02,00:38:00
727,Philipa,Cisec,2022-12-06,22:47:36
728,Skippy,Bertelmot,2023-02-27,21:09:55
729,Freda,Leadbetter,2022-04-12,00:34:44
730,Jared,Crotch,2023-02-14,15:48:35
731,Dehlia,Kupis,2022-03-22,13:03:52
732,Josselyn,Berrygun,2023-01-14,10:17:12
733,Marcille,McAline,2023-03-02,17:39:00
734,Sofie,Strachan,2023-03-19,04:17:31
735,Alphonse,Cubbon,2023-03-10,11:37:26
736,Dori,Crumb,2022-06-26,12:48:23
737,Gallard,Skaid,2022-11-30,15:17:19
738,Langsdon,Ramberg,2022-10-12,17:04:15
739,Marcos,Ducker,2023-03-11,03:13:30
740,Sunshine,Gorvette,2022-03-30,10:47:30
741,Adamo,Bartrop,2022-12-05,22:23:28
742,Aylmar,Le Grove,2022-05-23,04:08:37
743,Cyb,Maldin,2022-06-23,02:38:06
744,Valentia,Phare,2022-08-09,03:53:48
745,Emmit,Charrington,2022-07-22,17:15:56
746,Levey,Klimp,2022-07-19,16:08:26
747,Celka,Gives,2022-05-04,11:39:57
748,Donna,Savin,2022-07-20,15:51:46
749,Wainwright,Quick,2022-06-04,19:44:07
750,Petunia,Sink,2023-02-25,11:55:12
751,Tamar,Mangenet,2022-03-07,06:04:30
752,Eustace,Sammes,2022-09-25,17:51:14
753,Fae,Proom,2022-06-20,06:18:37
754,Tina,Batistelli,2022-05-26,15:53:50
755,Fredi,Wordley,2022-09-27,22:33:54
756,Sharia,O' Hern,2023-02-14,11:56:10
757,Egan,Garred,2022-11-17,07:42:40
758,Irv,Simison,2022-04-10,17:15:45
759,Pascal,Gatsby,2022-11-02,09:18:14
760,Joanne,Pickles,2022-09-14,06:05:54
761,Tailor,Yerborn,2022-03-24,07:49:43
762,Arlette,Downey,2022-06-06,14:11:53
763,Benjamen,Jude,2023-02-09,14:20:55
764,Kylila,Putley,2023-02-14,04:31:59
765,Christine,Lyle,2022-05-23,11:52:22
766,Jerrylee,Cometto,2022-08-06,07:21:17
767,Elinore,Robard,2022-10-15,01:49:47
768,Patrice,Philson,2022-04-05,15:51:24
769,Russell,Bulloch,2023-02-26,13:13:33
770,Frasquito,Tolhurst,2022-09-12,09:48:40
771,Lani,Floyd,2022-07-06,14:56:49
772,Estrellita,Chable,2022-12-21,16:34:30
773,Nikolas,Hecks,2022-06-20,19:03:51
774,Basilio,Durnford,2023-02-26,07:43:03
775,Joachim,McMillam,2022-08-29,21:54:59
776,Adaline,Gladwin,2022-06-29,06:15:07
777,Arlina,Boeter,2022-08-04,12:05:28
778,Kyle,Harrad,2022-05-14,06:53:21
779,Harp,Gladebeck,2022-07-17,08:03:28
780,Tiphani,Atchly,2022-03-28,13:52:40
781,Rossy,Langhorne,2022-10-19,07:02:37
782,Nestor,Gaymar,2023-01-20,17:12:31
783,Cathie,Mecco,2022-09-06,00:38:28
784,Gabriel,Standish,2023-01-03,18:01:53
785,Paige,Langeren,2022-06-28,11:57:53
786,Graehme,Ricciardo,2022-07-25,16:29:44
787,Gardy,Kitcher,2023-02-07,14:05:06
788,Cristian,Antonetti,2022-05-05,05:39:19
789,Meara,Topliss,2022-06-07,05:04:49
790,Zahara,Dumpleton,2022-03-31,17:44:52
791,Iggy,Carnson,2022-05-16,03:45:03
792,Melisent,Peacocke,2023-02-02,04:15:31
793,Rickey,Tillyer,2022-03-17,22:25:46
794,Tab,Clemmey,2022-03-11,10:50:56
795,Ally,Plows,2022-08-19,01:31:33
796,Yulma,Gabe,2022-10-26,14:19:03
797,Danice,Erskin,2022-04-21,10:47:10
798,Ingrim,Craighead,2022-12-01,17:59:11
799,Mel,Everil,2022-07-22,05:38:18
800,Finlay,Tremaine,2022-12-27,14:22:43
801,Madella,Simonini,2022-05-04,20:58:37
802,Matelda,Braben,2022-08-16,01:06:55
803,Keene,Janaszewski,2022-09-17,16:21:05
804,Mallory,Mould,2022-06-06,18:31:02
805,Jerrie,Leinweber,2022-03-12,16:25:31
806,Liz,Stoodale,2022-07-07,08:13:23
807,Theodoric,Magson,2022-10-29,14:05:19
808,Vince,Osgar,2022-06-02,02:30:43
809,Julienne,Bonnell,2022-07-01,06:41:25
810,Rosemonde,Ingon,2022-05-04,21:56:14
811,Darnell,Heighway,2023-03-09,17:52:10
812,Cord,Davidwitz,2022-12-29,13:58:01
813,Giuseppe,Lidgertwood,2022-09-13,10:32:01
814,Timmie,Irvine,2022-04-29,03:50:40
815,Winni,Wyon,2023-03-09,00:24:29
816,Cointon,Leschelle,2022-05-19,09:52:47
817,Carr,Cashley,2022-09-16,01:24:40
818,Cassandre,Suston,2022-06-28,22:20:19
819,Fremont,Shimony,2022-06-17,07:14:16
820,Rainer,Franzettoini,2022-11-28,16:31:27
821,Garrott,Scourfield,2022-04-15,07:44:40
822,Saloma,Rassmann,2022-06-26,22:05:47
823,Valentine,Le Franc,2022-11-07,08:29:27
824,Igor,Jorn,2022-04-08,02:59:53
825,Stella,Scroggins,2023-03-07,02:04:39
826,Joell,Bapty,2023-01-13,00:54:25
827,Calhoun,Gibby,2022-11-23,15:00:24
828,Franklyn,Walentynowicz,2023-03-17,04:09:01
829,Dulcinea,Nutten,2022-10-30,21:13:11
830,Phillip,Camerana,2022-12-06,04:30:21
831,Trueman,Arnli,2022-05-17,17:13:45
832,Uriah,Bly,2022-11-04,23:37:31
833,Rochester,Gourlay,2022-09-06,06:52:28
834,Fee,Scates,2022-04-28,23:35:29
835,Garth,Rydings,2022-10-27,08:34:55
836,Prissie,McKimm,2022-10-19,19:32:59
837,Randene,Toretta,2022-10-04,16:31:46
838,Gerri,Buckie,2022-05-14,16:56:21
839,Georgina,Arminger,2022-08-22,14:22:25
840,Bonita,Pirri,2022-05-06,03:49:56
841,Hashim,Muldoon,2022-04-27,08:36:04
842,Waverly,Bills,2022-07-11,11:39:39
843,Mace,Shapland,2022-04-15,05:18:05
844,Clare,Ronnay,2022-08-01,22:11:55
845,Clayton,Milbank,2022-10-02,23:46:27
846,Bartel,Auletta,2022-07-28,16:10:27
847,Chelsy,McGaraghan,2022-07-18,09:07:19
848,Janette,MacDunleavy,2022-06-28,21:54:35
849,Nell,Restorick,2022-09-09,13:50:22
850,Windy,Rasell,2022-08-10,12:58:26
851,Renaldo,Babe,2022-05-09,10:03:01
852,Konstance,Hampson,2023-03-19,10:27:43
853,Dallas,Maddrell,2022-08-30,02:57:44
854,Mohammed,Genery,2022-09-22,20:02:41
855,Camille,Raimbauld,2023-01-04,18:37:46
856,Clemmie,Whibley,2023-03-21,02:41:34
857,Claribel,Naseby,2022-11-18,18:00:04
858,Susannah,Skirlin,2022-05-04,10:03:43
859,Deane,Tollemache,2022-04-25,11:25:41
860,Evvie,Isacke,2022-08-02,21:23:46
861,Rori,Stiven,2023-02-01,11:20:32
862,Merrill,Swatheridge,2022-04-03,13:29:33
863,Vaughn,Zoane,2023-01-11,13:39:25
864,Vaclav,Nudde,2022-11-13,19:19:11
865,Steward,Pasquale,2022-12-21,08:30:33
866,Norbie,Ellph,2022-07-30,17:46:15
867,Shaylah,Capitano,2022-08-20,05:31:23
868,Mariska,Josland,2022-10-18,03:11:56
869,Clair,Gabriel,2023-02-18,05:59:51
870,Boote,Janew,2022-08-04,20:17:49
871,Marga,Sanchis,2022-03-07,09:43:53
872,Ammamaria,Seebright,2023-01-28,23:48:06
873,Raynor,Castiglio,2022-06-15,10:48:48
874,Laurence,Greydon,2022-05-19,08:25:22
875,Briant,Boddis,2022-03-29,01:12:39
876,Shanie,Bullene,2022-12-05,12:19:50
877,Elladine,Kleynermans,2022-05-08,20:23:07
878,Minny,Sawdon,2023-03-04,01:27:50
879,Judd,Ladewig,2022-07-12,10:25:37
880,Cirillo,Haxley,2022-12-19,12:45:19
881,Eduino,Launder,2022-12-21,22:06:47
882,Diena,Langwade,2022-07-14,00:38:08
883,Priscella,Wotherspoon,2022-11-28,01:49:52
884,Geoff,Winsper,2022-10-03,13:42:19
885,Christi,Gibbings,2022-09-08,15:54:24
886,Lucita,Ridsdole,2022-08-27,23:07:11
887,Glenden,Olander,2022-07-02,18:16:46
888,Mickie,Fist,2022-05-08,17:28:42
889,Dorree,Pepperill,2022-08-25,08:56:02
890,Durant,Muir,2022-07-14,04:41:07
891,Marc,O'Brogan,2022-05-11,03:19:57
892,Merill,Egar,2022-06-27,18:55:38
893,Emma,Beddoes,2023-03-18,04:05:51
894,Donia,Pates,2022-09-20,11:17:07
895,Hank,Priditt,2022-04-27,05:11:24
896,Ewen,Brampton,2022-12-30,12:27:05
897,Michel,Levy,2022-04-16,13:29:07
898,Karim,Birdall,2022-12-20,17:16:34
899,Wolfie,Ashworth,2022-06-28,19:42:27
900,Gasparo,McNelly,2022-03-30,15:45:59
901,Omar,Burgise,2022-09-22,01:58:37
902,Nowell,Sollon,2023-01-15,04:49:57
903,Celine,Feely,2023-01-16,03:21:44
904,Hal,Zecchi,2022-06-24,23:15:10
905,Vitia,Briand,2022-06-18,13:13:10
906,Nerti,Hefferon,2023-02-24,07:05:36
907,Myriam,Sabin,2022-08-29,19:15:53
908,Shurlocke,Senett,2022-10-27,11:40:55
909,Theresa,Beat,2022-09-09,13:32:21
910,Candida,Rubberts,2022-11-26,10:09:25
911,Emerson,Barizeret,2022-04-10,10:37:13
912,Tobias,de Glanville,2023-01-30,18:37:01
913,Rozalie,Whyard,2023-02-24,23:00:09
914,Milo,Paternoster,2022-10-22,02:53:27
915,Amy,O'Carmody,2022-09-05,12:32:32
916,Colet,Hookes,2022-03-25,09:13:52
917,Der,Carlson,2023-02-26,01:54:42
918,Charity,Moulsdall,2022-11-08,14:43:08
919,Fredric,Fish,2023-02-10,22:56:28
920,Caressa,Parkhouse,2022-09-14,14:05:01
921,Fawnia,Duer,2022-03-20,01:01:26
922,Jerrie,Conahy,2023-01-19,07:50:30
923,Kathy,Heningam,2022-11-12,08:12:27
924,Arther,Tegler,2023-03-01,04:44:28
925,Lora,Roller,2022-06-15,18:22:47
926,Hilton,Godman,2022-10-27,13:12:37
927,Lutero,Lochrie,2022-10-19,22:51:50
928,Cynde,Swansborough,2022-05-10,00:02:10
929,Fianna,Ramsdell,2022-11-03,00:53:32
930,Andria,Paddison,2022-08-11,18:34:00
931,Gabi,McCoole,2022-07-04,18:57:39
932,Gilligan,Cotterel,2023-03-07,17:48:20
933,Yuma,Shrimplin,2022-11-10,20:32:55
934,Inessa,Trenchard,2022-04-27,17:11:31
935,Kathrine,Carrabott,2023-03-07,03:01:36
936,Tadio,Cadigan,2023-01-12,21:29:28
937,Brade,Ishak,2022-09-29,00:18:43
938,Kirk,Idney,2022-06-19,18:56:58
939,Miller,Passmore,2022-06-19,08:10:12
940,Virgie,Whiteway,2022-11-17,22:00:31
941,Welby,Duffitt,2023-03-14,09:57:51
942,Marleen,Carme,2022-05-28,17:15:30
943,Rex,Mordey,2022-11-29,14:24:44
944,Hilda,Kabsch,2023-02-18,09:42:46
945,Peg,Grassett,2022-03-24,19:25:49
946,Tobias,Bennis,2023-01-01,16:44:13
947,Demetre,Spilsburie,2022-08-15,10:54:00
948,Titus,Chaffen,2023-01-31,00:59:06
949,Kelly,Curwood,2023-03-22,19:18:03
950,Alvan,Kerner,2023-02-15,17:45:29
951,Padraic,Kineton,2022-06-14,12:34:48
952,Corliss,Snelman,2022-12-03,04:48:09
953,Elly,Tapsfield,2023-03-04,01:27:02
954,Hansiain,Feldstein,2022-12-27,19:06:43
955,Allsun,Embling,2022-08-14,19:05:59
956,Bradford,Gow,2023-02-09,05:01:53
957,Roxanne,Barthrup,2022-05-26,12:25:35
958,Aridatha,Heams,2022-11-07,07:26:57
959,Emelen,Enrico,2022-12-22,01:08:16
960,Lucilia,Van der Brugge,2022-10-24,12:07:10
961,Edgardo,Valde,2022-11-10,15:08:44
962,Marijn,Persse,2022-10-31,17:47:16
963,Cullie,Scartifield,2022-04-10,09:46:45
964,Bord,Haggeth,2022-08-28,07:36:48
965,Eldridge,Buckham,2022-03-12,11:56:22
966,Norry,Dando,2022-12-26,01:18:51
967,Jehanna,Tapping,2022-09-03,11:12:01
968,Larina,Santi,2023-02-22,11:30:53
969,Hilary,Goering,2022-05-15,01:21:03
970,Thatcher,Vell,2022-08-12,14:55:35
971,Nesta,Kerrane,2022-12-30,14:50:05
972,Rebekkah,Pavie,2023-03-12,22:26:58
973,Merissa,Ambrosch,2023-02-24,11:46:14
974,Sarge,Gideon,2022-12-26,19:55:58
975,Justinn,Sherratt,2022-08-05,14:00:01
976,Leilah,Depka,2023-01-09,21:08:27
977,Hurleigh,Cunde,2022-07-23,03:48:09
978,Celine,Edlestone,2022-04-20,15:45:37
979,Lolly,Dunderdale,2022-11-23,21:48:15
980,Lucy,Warrener,2022-05-15,18:31:15
981,Cassius,Bellelli,2023-01-07,21:13:49
982,Eula,Iles,2022-09-02,05:58:49
983,Carver,Habbes,2022-07-10,21:20:49
984,Aundrea,Culbard,2022-07-29,13:57:36
985,Stephan,Cops,2023-01-09,12:33:12
986,Laurence,Madgewick,2022-11-22,22:43:08
987,Allyson,Broadis,2022-11-08,14:58:49
988,Sigfried,Bourgeois,2022-04-16,10:01:29
989,Elora,Gotliffe,2022-07-16,23:30:35
990,Jessey,Cornewell,2022-10-04,21:40:22
991,Quillan,Stolle,2022-09-19,00:39:21
992,Jess,Bouette,2022-06-30,03:25:23
993,Ginni,Dutnall,2022-08-23,01:46:54
994,Ricki,O'Grogane,2022-03-06,04:25:02
995,Ambrosi,Alday,2022-10-28,09:26:07
996,Hollis,Fogg,2023-03-11,19:41:42
997,Renato,Crosson,2022-03-05,05:02:27
998,Gayler,Whitcomb,2022-08-17,21:38:52
999,Kleon,Helbeck,2022-11-05,16:51:57
1000,Poppy,Guerreru,2022-04-25,04:49:33
